FeedbackID,CustomerID,Date,Rating,Comments
1,1,2024-01-05,5,"The croissants are absolutely delicious and amazing! I love this place."
2,2,2024-01-08,4,"Great quality, satisfied with the service. Highly recommend!"
3,3,2024-01-12,2,"Disappointed with the wait time. Not good experience today."
4,4,2024-01-15,5,"Best bakery in Lyon! Happy customer, everything was excellent."
5,5,2024-01-18,3,"Average experience. Nothing special but not terrible either."
6,6,2024-01-22,1,"Awful service, horrible quality. Really hate how things were handled."
7,7,2024-01-25,5,"Enjoyed every bite! Amazing pastries, would recommend to everyone."
8,8,2024-01-28,4,"Satisfied with the products. Great taste and good prices."
9,9,2024-02-01,2,"Bad experience, the croissants were not fresh. Dislike the quality."
10,10,2024-02-05,5,"Excellent bakery! Love the atmosphere and the delicious pastries."
11,11,2024-02-08,4,"Good service, happy with my purchase. Recommend trying their specialties."
12,12,2024-02-12,1,"Worst experience ever. Disgusting products, very disappointed."
13,13,2024-02-15,5,"The best croissants I've ever had! Amazing quality and excellent service."
14,14,2024-02-18,3,"Neutral feelings. It's okay but nothing extraordinary."
15,1,2024-02-22,4,"Great pastries, satisfied with quality. Happy to come back."
16,2,2024-02-25,5,"Love this place! Excellent products and amazing service."
17,3,2024-02-28,2,"Disappointed again. Not good, expected better quality."
18,4,2024-03-03,5,"Delicious as always! Best bakery, highly recommend."
19,5,2024-03-06,4,"Good experience, enjoyed the croissants. Satisfied customer."
20,6,2024-03-10,1,"Terrible quality today. Awful service, very disappointed."
21,7,2024-03-13,5,"Amazing! Love everything about this place. Excellent quality."
22,8,2024-03-16,3,"Average visit. Nothing special, neutral experience."
23,9,2024-03-20,4,"Great croissants! Happy with the service, would recommend."
24,10,2024-03-23,5,"Best bakery in town! Delicious pastries, excellent service."
25,11,2024-03-26,2,"Bad experience today. Dislike the long wait time."
26,12,2024-03-29,5,"Excellent as always! Love the quality, amazing products."
27,13,2024-04-02,4,"Good service, satisfied with everything. Great place."
28,14,2024-04-05,1,"Horrible experience. Disgusting pastries, worst visit ever."
29,15,2024-04-08,5,"Delicious croissants! Happy customer, highly recommend."
30,1,2024-04-12,5,"Love this bakery! Amazing products, excellent quality."
