TransactionID,CustomerID,TransactionDate,ActionType,PointsEarned,PointsRedeemed,PointsBalance
1,1,2024-01-05,Purchase,50,0,50
2,1,2024-01-12,Purchase,30,0,80
3,1,2024-01-20,Tier Upgrade,0,0,80
4,2,2024-01-08,Purchase,40,0,40
5,2,2024-01-15,Purchase,60,0,100
6,2,2024-01-22,Redeem,0,50,50
7,2,2024-01-28,Tier Upgrade,0,0,50
8,3,2024-01-10,Purchase,35,0,35
9,3,2024-01-18,Purchase,45,0,80
10,3,2024-01-25,Purchase,55,0,135
11,4,2024-01-12,Purchase,70,0,70
12,4,2024-01-19,Tier Upgrade,0,0,70
13,4,2024-01-26,Purchase,80,0,150
14,4,2024-02-02,Tier Upgrade,0,0,150
15,5,2024-01-15,Purchase,25,0,25
16,5,2024-01-22,Purchase,35,0,60
17,5,2024-01-29,Tier Upgrade,0,0,60
18,6,2024-01-18,Purchase,90,0,90
19,6,2024-01-25,Tier Upgrade,0,0,90
20,6,2024-02-01,Purchase,100,0,190
21,6,2024-02-08,Tier Upgrade,0,0,190
22,6,2024-02-15,Tier Upgrade,0,0,190
23,7,2024-01-20,Purchase,45,0,45
24,7,2024-01-27,Purchase,55,0,100
25,7,2024-02-03,Tier Upgrade,0,0,100
26,7,2024-02-10,Purchase,65,0,165
27,8,2024-01-22,Purchase,30,0,30
28,8,2024-01-29,Purchase,40,0,70
29,8,2024-02-05,Redeem,0,40,30
30,9,2024-01-25,Purchase,75,0,75
31,9,2024-02-01,Tier Upgrade,0,0,75
32,9,2024-02-08,Purchase,85,0,160
33,9,2024-02-15,Tier Upgrade,0,0,160
34,10,2024-01-28,Purchase,50,0,50
35,10,2024-02-04,Purchase,60,0,110
36,10,2024-02-11,Tier Upgrade,0,0,110
37,11,2024-02-01,Purchase,95,0,95
38,11,2024-02-08,Tier Upgrade,0,0,95
39,11,2024-02-15,Purchase,105,0,200
40,11,2024-02-22,Tier Upgrade,0,0,200
41,11,2024-03-01,Tier Upgrade,0,0,200
42,12,2024-02-05,Purchase,40,0,40
43,12,2024-02-12,Purchase,50,0,90
44,13,2024-02-08,Purchase,110,0,110
45,13,2024-02-15,Tier Upgrade,0,0,110
46,13,2024-02-22,Purchase,120,0,230
47,13,2024-03-01,Tier Upgrade,0,0,230
48,13,2024-03-08,Tier Upgrade,0,0,230
49,13,2024-03-15,Tier Upgrade,0,0,230
50,14,2024-02-10,Purchase,35,0,35
51,14,2024-02-17,Purchase,45,0,80
52,15,2024-02-12,Purchase,80,0,80
53,15,2024-02-19,Tier Upgrade,0,0,80
54,15,2024-02-26,Purchase,90,0,170
55,15,2024-03-05,Tier Upgrade,0,0,170
56,1,2024-02-15,Purchase,55,0,135
57,1,2024-02-22,Tier Upgrade,0,0,135
58,2,2024-02-18,Purchase,70,0,120
59,2,2024-02-25,Tier Upgrade,0,0,120
60,3,2024-02-20,Redeem,0,60,75
