PostID,Platform,Date,Likes,Shares,Comments,PostType
1,Instagram,2024-01-05,145,23,12,Photo
2,Facebook,2024-01-06,89,15,8,Video
3,Twitter,2024-01-07,67,34,6,Text
4,Instagram,2024-01-10,203,45,18,Photo
5,Facebook,2024-01-12,112,28,14,Photo
6,Instagram,2024-01-15,178,31,16,Video
7,Twitter,2024-01-18,92,19,9,Text
8,Facebook,2024-01-20,134,22,11,Photo
9,Instagram,2024-01-23,256,58,24,Photo
10,Twitter,2024-01-25,78,16,7,Text
11,Facebook,2024-01-28,167,35,19,Video
12,Instagram,2024-02-01,189,41,15,Photo
13,Twitter,2024-02-03,85,21,8,Text
14,Facebook,2024-02-05,145,29,13,Photo
15,Instagram,2024-02-08,234,52,21,Video
16,Twitter,2024-02-10,94,18,10,Text
17,Facebook,2024-02-12,156,33,17,Photo
18,Instagram,2024-02-15,287,64,28,Photo
19,Twitter,2024-02-18,101,24,11,Text
20,Facebook,2024-02-20,178,38,16,Video
21,Instagram,2024-02-23,198,43,19,Photo
22,Twitter,2024-02-25,88,20,9,Text
23,Facebook,2024-02-28,162,31,15,Photo
24,Instagram,2024-03-02,245,55,23,Video
25,Twitter,2024-03-05,97,22,12,Text
26,Facebook,2024-03-08,189,40,18,Photo
27,Instagram,2024-03-10,312,71,32,Photo
28,Twitter,2024-03-13,103,26,13,Text
29,Facebook,2024-03-15,201,44,20,Video
30,Instagram,2024-03-18,276,61,27,Photo
