AnalyticsID,Date,Page,Pageviews,UniqueVisitors,AverageTimeOnPage
1,2024-01-05,/home,456,342,125
2,2024-01-05,/menu,287,198,210
3,2024-01-05,/about,134,95,85
4,2024-01-05,/contact,89,67,45
5,2024-01-05,/locations,156,112,95
6,2024-01-06,/home,489,361,132
7,2024-01-06,/menu,312,223,218
8,2024-01-06,/about,145,103,92
9,2024-01-06,/contact,95,71,48
10,2024-01-06,/locations,167,119,101
11,2024-01-07,/home,423,315,118
12,2024-01-07,/menu,276,189,205
13,2024-01-07,/about,128,89,81
14,2024-01-07,/contact,82,61,42
15,2024-01-07,/locations,149,105,88
16,2024-01-08,/home,512,378,141
17,2024-01-08,/menu,334,241,225
18,2024-01-08,/about,167,118,98
19,2024-01-08,/contact,103,77,52
20,2024-01-08,/locations,189,134,107
21,2024-01-09,/home,478,354,128
22,2024-01-09,/menu,298,215,213
23,2024-01-09,/about,151,107,89
24,2024-01-09,/contact,91,68,47
25,2024-01-09,/locations,172,122,98
26,2024-01-10,/home,534,396,145
27,2024-01-10,/menu,356,257,232
28,2024-01-10,/about,178,126,103
29,2024-01-10,/contact,112,84,56
30,2024-01-10,/locations,201,143,112
31,2024-01-11,/home,501,371,138
32,2024-01-11,/menu,323,233,221
33,2024-01-11,/about,162,115,95
34,2024-01-11,/contact,98,73,51
35,2024-01-11,/locations,185,131,105
36,2024-01-12,/home,467,346,131
37,2024-01-12,/menu,289,209,216
38,2024-01-12,/about,148,104,88
39,2024-01-12,/contact,87,65,45
40,2024-01-12,/locations,165,117,96
